id_partL1,num_level,id_part,num_itemMatCost,num_itemCost,num_inv,num_poCost
207C3748G001,1,207C3748G001,0.0,0.0,0.0,0.0
336A4937BKG036,1,336A4937BKG036,9.2916,0.0,9.3529,63.56925
334A4470P002,1,334A4470P002,15205.0,0.0,8745.916,2.0
143D6518G0014,1,143D6518G0014,6710.72,0.0,3860.006171,0.0
141E7454G008,1,141E7454G008,42614.36,0.0,24511.77989,0.0
357B3716G004,1,357B3716G004,22995.0,0.0,23146.767000000003,12710.989
116E4414G007,1,116E4414G007,27547.22333,0.0,27715.95563,0.0
131E4436G0008,1,131E4436G0008,0.0,0.0,0.0,70356.55312000001
112E1409G0029,1,112E1409G0029,10714.0,0.0,8627.76992,0.0
131E4436G0008,1,131E4436G0008,3485.2231,0.0,2806.5804,70356.55312000001
106T7757G0001,1,106T7757G0001,36219.54,0.0,18229.2945,0.0
101T5789G001,1,101T5789G001,5803.2,0.0,3894.3340670000002,82319.2
146E3629G008,1,146E3629G008,4748.712,0.0,3824.0428,0.0
116E1215G010,1,116E1215G010,17065.2807,0.0,13742.3292,1.0
101T5789G001,1,101T5789G001,0.0,0.0,0.0,82319.2
106T2789G0001,1,106T2789G0001,16000.0,0.0,10737.06667,0.0
100T1657G002,1,100T1657G002,1363.875,0.0,1372.8766,12248.025
113T1575G0004,1,113T1575G0004,14200.0,0.0,9529.146667,0.0
113T1575G0005,1,113T1575G0005,14200.0,0.0,9529.146667,0.0
100T1657G002,1,100T1657G002,0.0,0.0,0.0,12248.025
100T3311G001,1,100T3311G001,470.0,0.0,473.102,0.0
342A1784P001,1,342A1784P001,14139.32,0.0,14228.4422,0.0
119E3015G001,1,119E3015G001,2085.0,0.0,2097.734333,1934.625
197C3666G004,1,197C3666G004,1675.0,0.0,1683.375,0.0
117E3816G010,1,117E3816G010,203083.0,0.0,116813.3416,0.0
117T2109G0001,1,117T2109G0001,228970.0,0.0,131703.544,0.0
113T8680G0001,1,113T8680G0001,64.13,0.0,36.8876,0.0
116T6101G0001,1,116T6101G0001,69.92,0.0,40.218,0.0
116T8930G0001,1,116T8930G0001,7900.0,0.0,4544.08,0.0
146E4860G002,1,146E4860G002,69125.0,0.0,39760.7,0.0
362A1344P011,1,362A1344P011,214.8921,0.0,216.3104,2327.5810300000003
146E4708G001,1,146E4708G001,1065.6628,0.0,1072.6962,0.0
197C3666G004,1,197C3666G004,6960.2495,0.0,7006.1871,0.0
111E3165G001,1,111E3165G001,2266.02,0.0,2279.4024,0.0
357A1826G050,1,357A1826G050,3443.69,0.0,3466.4184,0.0
362A1344P011,1,362A1344P011,210.0,0.0,211.05,2327.5810300000003
110T3422P0001,1,110T3422P0001,47450.3645,0.0,27293.449660000002,0.0
110T3421P0001,1,110T3421P0001,174560.7945,0.0,100407.369,0.0
100T3079G005,1,100T3079G005,35074.2329,0.0,20174.6988,0.0
101T8333G001,1,101T8333G001,60000.0,0.0,60396.0,0.0
104T3739G0001,1,104T3739G0001,39411.68,0.0,26447.86473,0.0
101T8394G001,1,101T8394G001,39577.9044,0.0,39839.1186,0.0
119E2799G002,1,119E2799G002,21900.0,0.0,22044.54,0.0
131E4628G011,1,131E4628G011,43862.1758,0.0,29434.444069999998,0.0
100T2468G005,1,100T2468G005,71101.6476,0.0,40897.66766,0.0
122T0332P0001,1,122T0332P0001,407268.4,0.0,234260.7837,0.0
100T7631G0001,1,100T7631G0001,50145.0,0.0,50475.957,50395.73
100T7631G0002,1,100T7631G0002,59022.0,0.0,59411.5452,0.0
107L5250G001,1,107L5250G001,613.51,0.0,617.5592,0.0
110T4960G0001,1,110T4960G0001,563.9,0.0,324.3552571000001,0.0
145E7963G001,1,145E7963G001,13284.95,0.0,7641.503256999999,0.0
115T7294P001,1,115T7294P001,1402.31,0.0,806.6087428999999,0.0
100T1511G001,1,100T1511G001,2961.7996,0.0,2981.3474,0.0
101T9737G001,1,101T9737G001,2922.4401,0.0,2941.7282,0.0
146E2580G002,1,146E2580G002,13684.0,0.0,13774.3144,34343.87
101T3628P004,1,101T3628P004,7965.0,0.0,4581.468,0.0
113T2077P001,1,113T2077P001,94.51,0.0,54.36217143,0.0
122T0831P001,1,122T0831P001,135.0,0.0,77.652,0.0
114T2245P001,1,114T2245P001,94.51,0.0,54.36217143,0.0
116T5591P001,1,116T5591P001,122.38,0.0,70.39297143,0.0
121T7632P001,1,121T7632P001,135.0,0.0,77.652,0.0
355B7744G002,1,355B7744G002,16.45,0.0,9.462057143,0.0
119T9823G0001,1,119T9823G0001,270.0,0.0,155.304,0.0
119T0702G0001,1,119T0702G0001,570.0,0.0,327.86400000000003,0.0
131E4974G004,1,131E4974G004,0.0,0.0,0.0,1.0
985E0550G001,1,985E0550G001,131196.3384,0.0,132014.4577,0.0
108L3872G001,1,108L3872G001,2150.0,0.0,2164.19,0.0
105T6846G0001,1,105T6846G0001,788.94,0.0,453.7982857,0.0
358A7202P033,1,358A7202P033,17610.1028,0.0,11817.553,0.0
392A7490P005,1,392A7490P005,5395.18,0.0,5430.7882,0.0
111E3164G001,1,111E3164G001,4046.42,0.0,4069.659733,0.0
287A7181G057,1,287A7181G057,11860.420329999999,0.0,11937.98163,0.0
362A1987G001,1,362A1987G001,272.15,0.0,273.9462,308.67575
358A7280P001,1,358A7280P001,20576.7726,0.0,20701.92593,0.0
913L1345G001,1,913L1345G001,130858.0,0.0,75269.5216,0.0
112T2835P0001,1,112T2835P0001,79680.8,0.0,45832.39617,0.0
101T4422G004,1,101T4422G004,15927.216,0.0,9161.334629,0.0
101T0928G007,1,101T0928G007,23633.0,0.0,13593.7016,0.0
101T0928G006,1,101T0928G006,11797.44,0.0,6785.887486,0.0
109T9644G0001,1,109T9644G0001,50264.0,0.0,28911.8528,0.0
110T5364G001,1,110T5364G001,24750.0,0.0,14236.2,24913.35
110T5364G002,1,110T5364G002,36125.0,0.0,20779.1,36363.425
110T5364G006,1,110T5364G006,59350.0,0.0,34138.12,0.0
110T5364G007,1,110T5364G007,16575.0,0.0,9533.94,0.0
116T0914G0001,1,116T0914G0001,12352.5,0.0,7105.158,0.0
115T9152G0007,1,115T9152G0007,11493.0,0.0,6610.7736,0.0
111T5351P0001,1,111T5351P0001,10625.4606,0.0,6111.7649710000005,0.0
112T4297P0001,1,112T4297P0001,6091.68,0.0,3503.934343,0.0
362A5191P001,1,362A5191P001,31650.0,0.0,18205.08,0.0
114T6888P001,1,114T6888P001,3508.41,0.0,2018.037429,0.0
116T7247P001,1,116T7247P001,20652.23,0.0,11879.162690000001,0.0
106T4369P001,1,106T4369P001,5864.8172,0.0,3373.442857,0.0
112T2431P001,1,112T2431P001,5270.45,0.0,3031.562857,0.0
110T9612P0001,1,110T9612P0001,1195.84,0.0,687.8471429,2693.86
108T7365P001,1,108T7365P001,2838.84,0.0,1632.900743,0.0
110T6093G0005,1,110T6093G0005,40400.0,0.0,23238.08,0.0
110T6093G0003,1,110T6093G0003,51112.0,0.0,29399.6224,0.0
158T7024G0001,1,158T7024G0001,17943.0,0.0,10320.8136,0.0
158T7012G0001,1,158T7012G0001,10799.0,0.0,6211.5848,0.0
158T7016G0001,1,158T7016G0001,9932.0,0.0,5712.8864,0.0
158T7021G0001,1,158T7021G0001,5690.4,0.0,3273.118057,0.0
158T7013G0001,1,158T7013G0001,12259.0,0.0,7051.3768,0.0
158T7025G0001,1,158T7025G0001,4684.0,0.0,2694.2368,0.0
241C2820G001,1,241C2820G001,31642.0,0.0,31850.8372,34980.231
146E4124G002,1,146E4124G002,16764.992,0.0,16875.641,0.0
586A2954P207,1,586A2954P207,664.3,0.0,668.6844,2463.166848
244C3580G001,1,244C3580G001,130.0,0.0,130.858,0.0
242C6067G101,1,242C6067G101,20305.64,0.0,11679.80411,0.0
115T1679G0001,1,115T1679G0001,402.23,0.0,231.3626857,0.0
119T6161G0001,1,119T6161G0001,952.0,0.0,547.5904,0.0
121T6041G0001,1,121T6041G0001,3246.0,0.0,1867.0992,0.0
110T4920G0001,1,110T4920G0001,14792.6286,0.0,8508.72,0.0
108T4322G0001,1,108T4322G0001,3627.0,0.0,2086.2504,3691.37
112T3758G0001,1,112T3758G0001,3578.18,0.0,2058.169143,0.0
109T3653G0001,1,109T3653G0001,494.97,0.0,284.70674289999994,0.0
112T8516G0001,1,112T8516G0001,984.54,0.0,566.3074286,0.0
112T3488G0001,1,112T3488G0001,717.26,0.0,412.56794289999993,0.0
119T3575G0001,1,119T3575G0001,1544.0,0.0,888.1088,0.0
123T4999G0001,1,123T4999G0001,1819.5,0.0,1046.5764,0.0
122T0573G0001,1,122T0573G0001,1498.0,0.0,861.6496,0.0
116T8808G0001,1,116T8808G0001,6150.0,0.0,3537.48,0.0
114L2769G0148,1,114L2769G0148,590.14,0.0,339.4485143,0.0
110T8414G0001,1,110T8414G0001,9598.0,0.0,5520.7696,0.0
122T2513G0001,1,122T2513G0001,2300.0,0.0,1322.96,0.0
121T3687G0001,1,121T3687G0001,2456.0,0.0,1412.6912,0.0
111T2084G0001,1,111T2084G0001,2002.0,0.0,1151.5504,0.0
115T1679G0002,1,115T1679G0002,139.45,0.0,80.21165714,0.0
115T5119G0001,1,115T5119G0001,1046.36,0.0,601.8662857,0.0
106T0558G0001,1,106T0558G0001,4994.66,0.0,2872.928457,0.0
108T9705G0001,1,108T9705G0001,2364.04,0.0,1359.795829,0.0
110T5770G0001,1,110T5770G0001,1457.91,0.0,838.5898286,0.0
113T1608G0001,1,113T1608G0001,638.0,0.0,366.9776,0.0
108T9703G0001,1,108T9703G0001,1508.36,0.0,867.6086857,0.0
117T1516G0001,1,117T1516G0001,59253.0,0.0,34082.3256,0.0
111T0553G0001,1,111T0553G0001,4272.03,0.0,2457.2716570000002,0.0
110T5150G0001,1,110T5150G0001,10221.0401,0.0,5879.142229,0.0
106T7717G001,1,106T7717G001,27101.46,0.0,15588.759769999999,0.0
116T0473G0002,1,116T0473G0002,22000.0,0.0,12654.4,0.0
110T7453G0001,1,110T7453G0001,3270.0,0.0,1880.904,0.0
112L2194G0017,1,112L2194G0017,38491.0,0.0,22140.0232,0.0
116T7624G0001,1,116T7624G0001,16824.0,0.0,9677.1648,0.0
109T4440G001,1,109T4440G001,3086.81,0.0,1775.5331429999999,0.0
116T3572G0001,1,116T3572G0001,207.76,0.0,119.5035429,0.0
118T2820G0001,1,118T2820G0001,11932.0,0.0,6863.2864,0.0
112T2480G0001,1,112T2480G0001,3489.0,0.0,2006.8728,2845.03
118T2322G0001,1,118T2322G0001,585.0,0.0,336.49199999999996,0.0
122T3457G0001,1,122T3457G0001,17130.0,0.0,9853.176,0.0
114L1468G0004,1,114L1468G0004,7802.0,0.0,4487.7104,0.0
360A7263G031,1,360A7263G031,26331.4927,0.0,26505.2805,1.0
146E4962G001,1,146E4962G001,3118.0,0.0,3138.5788,0.0
138E6928G001,1,138E6928G001,4940.0,0.0,4972.604,0.0
398A5392G001,1,398A5392G001,22.5,0.0,22.6485,0.0
398A5419G001,1,398A5419G001,104.78,0.0,105.4716,0.0
133E8483G001,1,133E8483G001,3143.5,0.0,2109.498067,0.0
813L2900G005,1,813L2900G005,39227.6606,0.0,39486.5631,0.0
131E4539G002,1,131E4539G002,10641.8027,0.0,10712.0386,0.0
102T9123G0001,1,102T9123G0001,294.08,0.0,296.0209,0.0
143E4585G001,1,143E4585G001,8045.5,0.0,8098.6003,1.0
143E6318G001,1,143E6318G001,19166.0,0.0,19292.4956,0.0
102L5795G001,1,102L5795G001,69149.0,0.0,69605.3834,0.0
108L9822G001,1,108L9822G001,9269.5,0.0,9330.6787,0.0
100T0494G001,1,100T0494G001,5246.0,0.0,5280.6236,4004.234429
131E4539G002,1,131E4539G002,0.0,0.0,0.0,0.0
109E9348G007,1,109E9348G007,2453.0,0.0,1410.9656,4938.3796
113T6655G0005,1,113T6655G0005,2910.96,0.0,1674.3841710000002,0.0
108T5416G0001,1,108T5416G0001,12885.0,0.0,7411.451999999999,0.0
109E9348G006,1,109E9348G006,2857.73,0.0,2876.591,3093.45385
141E3649G002,1,141E3649G002,3850.0,0.0,3875.41,0.0
142D4929G0105,1,142D4929G0105,36783.0,0.0,21157.5816,0.0
114T5437G0001,1,114T5437G0001,888.34,0.0,510.97314289999997,0.0
124T3105G0002,1,124T3105G0002,253400.0,0.0,145755.68,0.0
100T6370G011,1,100T6370G011,24847.0,0.0,14291.9944,0.0
102T1663G002,1,102T1663G002,29662.0,0.0,17061.5824,0.0
114T3923G0001,1,114T3923G0001,180883.7,0.0,104044.3042,0.0
118T5870G0001,1,118T5870G0001,139186.0,0.0,80059.7872,0.0
108T2299P001,1,108T2299P001,26485.0,0.0,15234.171999999999,30342.96
118T3539P0001,1,118T3539P0001,56389.0,0.0,32434.9528,0.0
118T3539P0002,1,118T3539P0002,26747.1,0.0,15384.93194,0.0
109T2556P0001,1,109T2556P0001,14060.8525,0.0,8087.802343,0.0
107T0455G0001,1,107T0455G0001,25499.0,0.0,14667.0248,0.0
113T8716P001,1,113T8716P001,24663.0,0.0,14186.1576,0.0
109T2971P0001,1,109T2971P0001,124684.5224,0.0,71718.53731,0.0
112T4640G0001,1,112T4640G0001,1964.61,0.0,1130.043657,0.0
120T7606P0002,1,120T7606P0002,101300.0,0.0,58267.76,0.0
116T7190P0002,1,116T7190P0002,91800.0,0.0,52803.36,0.0
117T5791G0001,1,117T5791G0001,19200.0,0.0,11043.84,0.0
110T7082P0001,1,110T7082P0001,374459.7597,0.0,215389.2538,0.0
113T3065P0001,1,113T3065P0001,261300.0,0.0,150299.76,0.0
121T5860G0001,1,121T5860G0001,233936.0,0.0,134559.9872,0.0
112T4512G0001,1,112T4512G0001,253040.1928,0.0,145548.7189,0.0
113T7206G0001,1,113T7206G0001,73500.0,0.0,42277.2,0.0
114T2777G0001,1,114T2777G0001,234500.0,0.0,134884.4,0.0
113T7695G0001,1,113T7695G0001,46250.0,0.0,26603.0,0.0
117T4567P0001,1,117T4567P0001,132297.01,0.0,76097.24017,0.0
121T7077P0001,1,121T7077P0001,112500.0,0.0,64710.0,0.0
114L2769G0013,1,114L2769G0013,194418.0,0.0,111829.2336,0.0
115T7988P001,1,115T7988P001,239190.0,0.0,137582.08800000002,0.0
227C5789G001,1,227C5789G001,423.84593330000007,0.0,426.4692,0.0
103T4789G001,1,103T4789G001,136700.0,0.0,137602.22,0.0
221A4430P007,1,221A4430P007,45595.0,0.0,45895.927,0.0
132B4056G002,1,132B4056G002,659.36,0.0,379.2638857,0.0
302A1537P007,1,302A1537P007,20930.0,0.0,21057.79667,103110.3679
144E7421G026,1,144E7421G026,5497.8,0.0,3689.390333,55340.8548
144E7421G011,1,144E7421G011,5400.9,0.0,4349.23672,178890.0
144E7421G031,1,144E7421G031,5905.94,0.0,3963.2794670000003,0.0
112L1900G0004,1,112L1900G0004,33821.4,0.0,19454.06926,0.0
214D1621G001,1,214D1621G001,14170.0,0.0,14263.521999999999,14250.584130000001
398A1185G007,1,398A1185G007,0.0,0.0,0.0,18700.18286
117T8917G0001,1,117T8917G0001,13895.0,0.0,7992.404,0.0
122T6468G0001,1,122T6468G0001,80.5,0.0,46.3036,0.0
117E8907G104,1,117E8907G104,20880.4038,0.0,12010.40823,0.0
118T7106G0001,1,118T7106G0001,1882.0,0.0,1082.5264,0.0
114T6340G0001,1,114T6340G0001,1540.07,0.0,885.8482857000001,0.0
122T2517G0001,1,122T2517G0001,909.0,0.0,522.8568,0.0
111T6318G0001,1,111T6318G0001,567.51,0.0,326.43177139999995,0.0
116T9018G0003,1,116T9018G0003,12904.0,0.0,7422.3808,0.0
108T2722G0001,1,108T2722G0001,1194.21,0.0,686.9096,0.0
114T9479G0001,1,114T9479G0001,942.5,0.0,542.126,0.0
110T9061P0001,1,110T9061P0001,17562.8213,0.0,10102.1348,0.0
356A4348P018,1,356A4348P018,11044.3685,0.0,8893.80904,0.0
109L6636G001,1,109L6636G001,961.15,0.0,967.4936,0.0
102T7871G001,1,102T7871G001,87.78,0.0,88.3594,0.0
131E4626G001,1,131E4626G001,119.67,0.0,80.30653333,0.0
398A1185G007,1,398A1185G007,17995.0,0.0,18113.767,18700.18286
398A1185G004,1,398A1185G004,10290.2608,0.0,10358.1765,0.0
106T8098G0002,1,106T8098G0002,837029.5165,0.0,421276.9557,0.0
147E1346G002,1,147E1346G002,464878.855,0.0,374357.6443,0.0
139E6437G001,1,139E6437G001,780417.7363,0.0,628454.7947,0.0
711L2014G005,1,711L2014G005,489811.3706,0.0,246522.0629,0.0
204D4565G050,1,204D4565G050,455367.98299999995,0.0,305582.2744,512994.54
101T1105G001,1,101T1105G001,1523470.0480000002,0.0,1533524.951,0.0
112T3120G0001,1,112T3120G0001,147935.0336,0.0,99274.26987,0.0
131E5277G002,1,131E5277G002,227806.0207,0.0,183447.6324,328352.3905
107T3627G0002,1,107T3627G0002,1302272.024,0.0,873911.3464,0.0
106T8098G0008,1,106T8098G0008,2339556.424,0.0,1177498.748,0.0
144E7435G018,1,144E7435G018,4785673.718,0.0,2408629.582,0.0
314B7168G018,1,314B7168G018,315904.8157,0.0,317989.7875,317484.34
100T3605G0005,1,100T3605G0005,299719.0408,0.0,201131.4577,352535.35
120T8158G0001,1,120T8158G0001,498094.8117,0.0,250691.1187,0.0
314B7168G018,1,314B7168G018,0.0,0.0,0.0,317484.34
146E4033G002,1,146E4033G002,161699.2468,0.0,162766.4618,182040.0584
118T6767G0002,1,118T6767G0002,602668.2156,0.0,303322.9129,0.0
392A5327G003,1,392A5327G003,169310.83,0.0,113618.8543,170428.2815
107T6377G0003,1,107T6377G0003,687113.6595,0.0,461099.0731,0.0
111T9561G0004,1,111T9561G0004,796698.8,0.0,400978.5061,0.0
101T1327G001,1,101T1327G001,95542.4534,0.0,96173.0336,194384.3794
101T1327G003,1,101T1327G003,111815.4602,0.0,112553.4422,132173.8887
120T8161G0001,1,120T8161G0001,300921.41,0.0,151453.7457,0.0
104T5622G0002,1,104T5622G0002,254165.7011,0.0,170562.1299,310361.9139
115T2690G0001,1,115T2690G0001,511830.1946,0.0,257604.137,529015.8686
143E4389G007,1,143E4389G007,251149.6348,0.0,252807.2224,0.0
119E2094G031,1,119E2094G031,81837.6149,0.0,82377.7431,82438.41
118T8344G0004,1,118T8344G0004,484047.5407,0.0,243621.1273,0.0
107T6388G0003,1,107T6388G0003,609870.9509,0.0,306948.0496,0.0
101T2065G001,1,101T2065G001,10247.6826,0.0,8252.253840000001,10766.25333
100T7775G001,1,100T7775G001,945273.7128,0.0,951512.5193,992289.5318
100T7775G001,1,100T7775G001,0.0,0.0,0.0,992289.5318
107T6402G0003,1,107T6402G0003,349818.5878,0.0,176063.6953,0.0
146E5692G001,1,146E5692G001,7879.22,0.0,6344.97832,160602.1047
214D1400G006,1,214D1400G006,2753.77,0.0,2771.9449,0.0
224B9797G012,1,224B9797G012,390.1566667,0.0,392.5883,0.0
214D1278G004,1,214D1278G004,3678.93,0.0,3703.2109,0.0
112E1812G001,1,112E1812G001,1897.3352,0.0,1908.966933,10110.28917
112E1812G044,1,112E1812G044,2067.45,0.0,1189.197257,0.0
114T0883G0001,1,114T0883G0001,4418.52,0.0,2541.532686,0.0
141E7374G003,1,141E7374G003,4294.598,0.0,2470.2528,0.0
119T9593G0001,1,119T9593G0001,24311.0,0.0,13983.6872,0.0
144E8723G007,1,144E8723G007,6954.871,0.0,5600.61856,0.0
144E8723G003,1,144E8723G003,6954.871,0.0,7000.7732,0.0
112E1313G012,1,112E1313G012,24788.2,0.0,24951.8021,10.0
110T4552P024,1,110T4552P024,20829.5945,0.0,11981.18274,0.0
113T5455G0001,1,113T5455G0001,50319.0,0.0,28943.4888,0.0
102T5992P115,1,102T5992P115,27576.3333,0.0,15861.90691,28669.64
110T4315P0001,1,110T4315P0001,31179.0,0.0,17934.1608,32984.1
113T5457G0001,1,113T5457G0001,105617.3681,0.0,60751.11011,0.0
91443538P102,1,91443538P102,4754.21,0.0,2734.6216,0.0
113T9232P002,1,113T9232P002,7100.63,0.0,4084.2824,0.0
110T5180P0001,1,110T5180P0001,21397.8316,0.0,12308.03274,0.0
117T3863P0001,1,117T3863P0001,7765.52,0.0,4466.727086,0.0
112T7022P0106,1,112T7022P0106,8300.0,0.0,4774.16,0.0
124T6923G0001,1,124T6923G0001,4020.0,0.0,2312.304,0.0
117T6469G0001,1,117T6469G0001,6991.6667,0.0,4021.606686,0.0
120T0184P0001,1,120T0184P0001,19250.0,0.0,11072.6,0.0
117T5533P004,1,117T5533P004,22859.0,0.0,13148.4968,0.0
113T8859P0001,1,113T8859P0001,28674.0,0.0,16493.2848,28817.37
117T0977G001,1,117T0977G001,3470.67,0.0,1996.329371,0.0
389A7301P215,1,389A7301P215,17885.0,0.0,18003.041,0.0
372A4840P015,1,372A4840P015,16218.5,0.0,16325.5421,16161.74
372A4840P014,1,372A4840P014,10416.0,0.0,10484.7456,0.0
377A7014P029,1,377A7014P029,13396.0632,0.0,13484.4772,0.0
398A1158P003,1,398A1158P003,20871.0,0.0,21008.7486,20975.36
91206671P102,1,91206671P102,4300.0,0.0,4328.38,4558.4285
108L8258G001,1,108L8258G001,0.0,0.0,0.0,1.0
342A1584P007,1,342A1584P007,5613.906667,0.0,5647.889133,6451.563945
362A3045P021,1,362A3045P021,1268.6238,0.0,1276.9967,0.0
362A1697G001,1,362A1697G001,7110.6,0.0,7157.53,0.0
118T2022G001,1,118T2022G001,5628.66,0.0,3237.605257,0.0
117T5437P001,1,117T5437P001,5626.25,0.0,3236.219029,0.0
118T2011P001,1,118T2011P001,523.38,0.0,301.04817139999994,0.0
IS200JPDLG1A,1,IS200JPDLG1A,34.5953,0.0,34.8236,176.9227131
IS420UCSBH4A,1,IS420UCSBH4A,1031.9223,0.0,1038.733,1395.8444359999999
IS420UCSBH4A,1,IS420UCSBH4A,1031.9223,0.0,259.68325,1395.8444359999999
259B2464PK001,1,259B2464PK001,14360.7845,0.0,8260.323257,0.0
259B2442G01,1,259B2442G01,43.6422,0.0,43.92543333,761.4418836
336A4937RDG010,1,336A4937RDG010,3.5839999999999996,0.0,3.6056,3.995
336A4937BUG036,1,336A4937BUG036,14.4054,0.0,14.5005,75.47925
336A4940DTP10BL,1,336A4940DTP10BL,5.566133333,0.0,5.601866667,17.02300008
336A4937BUG010,1,336A4937BUG010,4.583333333,0.0,4.611566667,3.61
114T0954G0001,1,114T0954G0001,2972.0,0.0,1709.4944,0.0
100T2215G001,1,100T2215G001,27323.0,0.0,15716.1896,0.0
249A8025P010,1,249A8025P010,17150.0,0.0,17263.19,19019.63
352A6905P002,1,352A6905P002,10998.0,0.0,11070.5868,5526.995
100T3904P001,1,100T3904P001,15345.5,0.0,15446.7803,0.0
114T8044G001,1,114T8044G001,6121.486999999999,0.0,4929.511039999999,87077.9
117E8205G008,1,117E8205G008,0.0,0.0,0.0,62276.51278
146E3629G007,1,146E3629G007,3511.14,0.0,2827.4508,35203.90833
117E8205G008,1,117E8205G008,5075.3741,0.0,4087.0972799999995,62276.51278
100T1657G015,1,100T1657G015,1335.4118,0.0,896.1503332999998,0.0
100T1657G008,1,100T1657G008,1251.2958,0.0,1007.64352,19869.0
144E7802G005,1,144E7802G005,2996.97,0.0,2011.1666670000002,0.0
100T1657G003,1,100T1657G003,1281.0952,0.0,1031.64032,28696.25
113T1575G0001,1,113T1575G0001,7940.2052,0.0,5328.407067,231882.0
146E3125G028,1,146E3125G028,32830.0,0.0,26437.3424,329941.5
101T5904G002,1,101T5904G002,4189.11,0.0,3373.4064799999996,0.0
146E3629G002,1,146E3629G002,3235.245,0.0,3256.5976,32565.9762
100T1657G008,1,100T1657G008,0.0,0.0,0.0,19869.0
144E7802G005,1,144E7802G005,0.0,0.0,0.0,0.0
100T1657G003,1,100T1657G003,0.0,0.0,0.0,28696.25
116T3074G0025,1,116T3074G0025,1408607.804,0.0,708952.3075,0.0
111T3375G0007,1,111T3375G0007,25128.4236,0.0,16862.84747,0.0
114T3162G0004,1,114T3162G0004,1491202.246,0.0,750522.0905,0.0
115T6696G0025,1,115T6696G0025,1282735.02,0.0,645600.5354,9520500.72
115T6696G0022,1,115T6696G0022,1213611.831,0.0,610810.8345,0.0
114T3162G0012,1,114T3162G0012,1491202.246,0.0,1000696.1209999999,0.0
147E2687G010,1,147E2687G010,423052.0736,0.0,212922.1087,0.0
114T3162G0016,1,114T3162G0016,1491202.246,0.0,1200835.345,0.0
107T7793G0001,1,107T7793G0001,29544.0,0.0,19825.9936,0.0
115T7021G0001,1,115T7021G0001,1189920.148,0.0,798515.7471,0.0
141E7381G007,1,141E7381G007,46644.9491,0.0,37562.24464,18.0
112L1277G0081,1,112L1277G0081,24281.4,0.0,13966.661259999999,0.0
121T4123P001,1,121T4123P001,26397.0,0.0,15183.5544,0.0
118T7626P0001,1,118T7626P0001,4007.85,0.0,2305.315314,0.0
119E8470G002,1,119E8470G002,916.0,0.0,921.5656,0.0
219B6374G002,1,219B6374G002,150.0,0.0,150.75,1281.729435
219B6374G001,1,219B6374G001,95.0,0.0,95.475,3814.8115369999996
216B6355G002,1,216B6355G002,1102.25,0.0,634.0142286,0.0
121T8950G0001,1,121T8950G0001,27040.0,0.0,15553.408000000001,0.0
108T3278P0002,1,108T3278P0002,60470.1672,0.0,34782.44017,0.0
113T1796G0001,1,113T1796G0001,850.85,0.0,489.4089143,0.0
110T3427G0001,1,110T3427G0001,7472.9703,0.0,4298.452514,0.0
106T8783G0001,1,106T8783G0001,6065.0,0.0,3488.5879999999997,0.0
108T3278P0001,1,108T3278P0001,11895.7706,0.0,6842.447256999999,0.0
118T1454G0001,1,118T1454G0001,36121.25,0.0,20776.943030000002,0.0
219B6374G002,1,219B6374G002,75.0,0.0,75.495,1281.729435
207D7308P001,1,207D7308P001,9516.6165,0.0,9579.4261,0.0
219B6374G001,1,219B6374G001,302.9,0.0,304.8991,3814.8115369999996
186C1442G003,1,186C1442G003,3948.23,0.0,3974.2883,0.0
105T6357G0001,1,105T6357G0001,1136.17,0.0,914.9349599999999,0.0
133E8555G001,1,133E8555G001,2039.03,0.0,1368.325067,1.0
357A1826G049,1,357A1826G049,2074.66,0.0,2088.3528,0.0
357A1826G043,1,357A1826G043,1597.0,0.0,1607.5402,0.0
357A1826G030,1,357A1826G030,6582.0,0.0,6625.4412,0.0
357A1826G018,1,357A1826G018,3996.1,0.0,4022.4743,0.0
357A1826G030,1,357A1826G030,4137.9181,0.0,4158.6077,0.0
357A1826G018,1,357A1826G018,2025.19,0.0,2035.316,0.0
357A1826G043,1,357A1826G043,1920.45,0.0,1930.0523,0.0
379A8299P102,1,379A8299P102,4863.92,0.0,3264.0146,2902.36765
368A2195P001,1,368A2195P001,13647.746669999999,0.0,13731.94553,7703.006633
109T4579G0001,1,109T4579G0001,74300.0,0.0,42737.36,0.0
117E8212G002,1,117E8212G002,47500.0,0.0,27322.0,0.0
807L9018G001,1,807L9018G001,33904.62,0.0,19501.93743,0.0
113T1630G0001,1,113T1630G0001,76000.0,0.0,43715.2,0.0
811L1393G007,1,811L1393G007,26783.15,0.0,15405.66789,0.0
101T9649G001,1,101T9649G001,87915.03,0.0,50568.72526,0.0
204D3242G003,1,204D3242G003,45433.0,0.0,45732.8578,420659.835
101T5626G001,1,101T5626G001,57500.0,0.0,57879.5,0.0
100T1168G001,1,100T1168G001,112913.2418,0.0,113658.4692,0.0
141E8413G006,1,141E8413G006,49570.9129,0.0,39918.4648,0.0
143E3873G001,1,143E3873G001,34438.45,0.0,34665.7438,1.05
204D3242G003,1,204D3242G003,0.0,0.0,0.0,420659.835
227B6614P001,1,227B6614P001,2225.0,0.0,2236.125,0.0
118T5868P0001,1,118T5868P0001,116462.89,0.0,66989.45434,0.0
227B6614P001,1,227B6614P001,6772.33,0.0,6817.0274,0.0
277A2917P001,1,277A2917P001,56942.666670000006,0.0,57298.31867000001,52948.738880000004
813L2181G065,1,813L2181G065,783.77,0.0,450.82451430000003,0.0
115T6676G0001,1,115T6676G0001,690.59,0.0,397.2273714,0.0
117T0682P008,1,117T0682P008,238.55,0.0,137.2139429,0.0
370A3269G1M1044-1,1,370A3269G1M1044-1,24080.0,0.0,13850.816,0.0
111T3951P0001,1,111T3951P0001,14827.145,0.0,8528.573829,7537.5
123T6862P0001,1,123T6862P0001,36800.0,0.0,21167.36,0.0
109T7538P001,1,109T7538P001,15901.0,0.0,9146.2552,0.0
101T3568G001,1,101T3568G001,1413.0,0.0,1422.3258,1717.478571
204D1807G008,1,204D1807G008,16910.0,0.0,17021.606,0.0
146E2580G011,1,146E2580G011,12650.66,0.0,12734.1544,0.0
146E2580G011,1,146E2580G011,0.0,0.0,0.0,0.0
101T3628P008,1,101T3628P008,29228.0,0.0,16811.9456,0.0
207D1417P001,1,207D1417P001,68644.8298,0.0,39484.50611,107233.5
124T4784P001,1,124T4784P001,169.0,0.0,97.2088,0.0
112T8819P001,1,112T8819P001,94.51,0.0,54.36217143,0.0
109T4424P001,1,109T4424P001,241.2349,0.0,138.7582857,0.0
123T2830P001,1,123T2830P001,135.0,0.0,77.652,0.0
114T2247P001,1,114T2247P001,94.51,0.0,54.36217143,0.0
114T5275P001,1,114T5275P001,100.67,0.0,57.90537143,0.0
110T1785G0001,1,110T1785G0001,463.1709,0.0,266.4159429,0.0
117T4592G0001,1,117T4592G0001,661.77,0.0,380.65011430000004,0.0
112L1365G0003,1,112L1365G0003,705.0,0.0,405.51599999999996,0.0
100T3075G002,1,100T3075G002,117.93,0.0,118.7083,0.0
354A1513P172,1,354A1513P172,1048.0,0.0,1054.9168,1895.44
100T6006G001,1,100T6006G001,2743.93,0.0,2762.0399,2757.64993
143E3890G001,1,143E3890G001,2125.67,0.0,2139.6994,1254.24
358A7202P027,1,358A7202P027,12595.0,0.0,12678.127,11772.62071
149C5825G003,1,149C5825G003,5312.46,0.0,5342.828933,10778.625
398A1623P074,1,398A1623P074,6.125,0.0,6.1654,0.0
362A1697G008,1,362A1697G008,3870.106667,0.0,3893.603533,4753.65
193D3970G016,1,193D3970G016,0.0,0.0,0.0,0.0
114T0233G0003,1,114T0233G0003,24084.65,0.0,13853.49069,0.0
115T7287G0001,1,115T7287G0001,1701.78,0.0,978.8638857000001,0.0
111T0912P0001,1,111T0912P0001,22323.8924,0.0,12840.70291,0.0
241C2820G004,1,241C2820G004,6934.0,0.0,3988.4368,7125.97
119T0270G0002,1,119T0270G0002,13872.0,0.0,7979.1744,0.0
110T6358G0001,1,110T6358G0001,32136.222,0.0,18484.75486,0.0
121T0046G0002,1,121T0046G0002,17955.0,0.0,10327.716,0.0
108T3983P0001,1,108T3983P0001,20816.29,0.0,11973.53,0.0
118T3484P001,1,118T3484P001,317.7002,0.0,182.7411429,0.0
118T1257P0001,1,118T1257P0001,35651.0,0.0,20506.4552,0.0
108T9763P0001,1,108T9763P0001,5696.75,0.0,3276.770629,0.0
110T0114P0001,1,110T0114P0001,6255.0,0.0,3597.8759999999997,0.0
118T1640P001,1,118T1640P001,383.06,0.0,220.33611430000002,0.0
116T8623P001,1,116T8623P001,22850.0,0.0,13143.32,0.0
120T3230P001,1,120T3230P001,3992.13,0.0,2296.2732,0.0
362A5181P001,1,362A5181P001,1453.0,0.0,835.7656,0.0
113T1110P001,1,113T1110P001,2530.5,0.0,1455.5436,0.0
193D3970G024,1,193D3970G024,1575.0,0.0,905.94,0.0
112T5600G0001,1,112T5600G0001,51112.0,0.0,29399.6224,0.0
110T6093G0004,1,110T6093G0004,40400.0,0.0,23238.08,0.0
112T5600G0002,1,112T5600G0002,40400.0,0.0,23238.08,0.0
112T5600G0016,1,112T5600G0016,52362.0,0.0,30118.6224,0.0
112T5600G0004,1,112T5600G0004,40400.0,0.0,23238.08,0.0
158T7015G0001,1,158T7015G0001,31508.0,0.0,18123.4016,0.0
158T7010G0001,1,158T7010G0001,11217.2853,0.0,6452.182514,0.0
121T8066G0001,1,121T8066G0001,6277.0,0.0,3610.5304,0.0
241C2882G014,1,241C2882G014,13157.0,0.0,13243.8362,58801.96559
101T0928G001,1,101T0928G001,11797.0,0.0,11874.8602,11874.8602
101T0928G002,1,101T0928G002,20125.84,0.0,20258.6705,0.0
389A6592P001,1,389A6592P001,1495.0,0.0,1504.8670000000002,12313.42243
104L4736G003,1,104L4736G003,3840.666667,0.0,3864.623067,8462.1
104L4736G008,1,104L4736G008,28416.0,0.0,19069.0304,0.0
100T4144G002,1,100T4144G002,558.5,0.0,562.1861,0.0
102T4463G0002,1,102T4463G0002,46324.0,0.0,46629.7384,0.0
193D3970G016,1,193D3970G016,7482.0,0.0,7531.3812,0.0
136E6682G001,1,136E6682G001,0.0,0.0,0.0,440.2803375
141E1250G001,1,141E1250G001,0.0,0.0,0.0,0.0
123T9086P0004,1,123T9086P0004,43706.0,0.0,25139.6912,0.0
114T3902G0001,1,114T3902G0001,12953.0,0.0,7450.5656,0.0
114T6987G0001,1,114T6987G0001,96858.0,0.0,55712.7216,0.0
114T0700G0002,1,114T0700G0002,74465.42,0.0,42832.5096,0.0
114T4652G0001,1,114T4652G0001,32406.0,0.0,18639.9312,0.0
108T2527G0001,1,108T2527G0001,1038.6589,0.0,597.4366286000001,0.0
119T2483G0001,1,119T2483G0001,978.0,0.0,562.5456,0.0
120T1969G0001,1,120T1969G0001,1711.0,0.0,984.1672,3444.58
115T5833G0001,1,115T5833G0001,243.0,0.0,139.7736,0.0
123T9708G0011,1,123T9708G0011,38.4,0.0,22.08765714,0.0
112T7307G0001,1,112T7307G0001,1788.21,0.0,1028.5784,0.0
115T0500G0001,1,115T0500G0001,6465.0,0.0,3718.6679999999997,0.0
110T9219G0001,1,110T9219G0001,529.17,0.0,304.37857139999994,0.0
110T8827G0001,1,110T8827G0001,7915.0495,0.0,4552.736457,0.0
118T1601G0001,1,118T1601G0001,277.0,0.0,159.3304,0.0
114T7350G0001,1,114T7350G0001,6682.0934,0.0,3843.540114,0.0
117T6867G0001,1,117T6867G0001,11140.0,0.0,6407.728,0.0
117T7189G0001,1,117T7189G0001,2624.92,0.0,1509.854,0.0
108T8054G0001,1,108T8054G0001,3803.4701,0.0,2187.756,0.0
109T4316G0001,1,109T4316G0001,1194.0,0.0,686.7888,0.0
123T9496G0001,1,123T9496G0001,2156.0,0.0,1240.1312,0.0
119T0951G0001,1,119T0951G0001,537.0,0.0,308.8824,0.0
102T9909G0001,1,102T9909G0001,85606.3333,0.0,49240.762910000005,0.0
117T1431G0001,1,117T1431G0001,12986.0,0.0,7469.5472,0.0
109T2455G001,1,109T2455G001,2762.83,0.0,1589.179829,0.0
113T5442G0001,1,113T5442G0001,1505.0,0.0,865.676,0.0
110T3978G0001,1,110T3978G0001,667.7093,0.0,384.0664,0.0
112T7200G0002,1,112T7200G0002,5975.0,0.0,3436.82,0.0
110T6416G0002,1,110T6416G0002,8725.0,0.0,5018.62,0.0
104T8619G002,1,104T8619G002,3422.49,0.0,1968.616229,0.0
108T9704G0001,1,108T9704G0001,1810.03,0.0,1041.129257,0.0
119E9637G008,1,119E9637G008,117.0,0.0,67.2984,0.0
109T0771G0001,1,109T0771G0001,8945.0,0.0,5145.164000000001,0.0
118T8786G0001,1,118T8786G0001,1772.0,0.0,1019.2544,0.0
110T8838G0001,1,110T8838G0001,12308.0,0.0,7079.5616,0.0
120T4314G0001,1,120T4314G0001,2621.0,0.0,1507.5992,0.0
117T0302G0016,1,117T0302G0016,25856.0,0.0,14872.3712,0.0
102T3203G003,1,102T3203G003,5158.34,0.0,2967.077143,7945.78125
109T4678G001,1,109T4678G001,3220.8319,0.0,1852.6225140000001,0.0
114T3696G0001,1,114T3696G0001,30892.5,0.0,17769.366,0.0
110T5818G0001,1,110T5818G0001,39798.6961,0.0,22892.21,0.0
111T1667G0001,1,111T1667G0001,141.0,0.0,81.1032,0.0
111T5907G0001,1,111T5907G0001,87217.0,0.0,50167.2184,0.0
107T7786G001,1,107T7786G001,880.0,0.0,506.176,0.0
121T3053G0001,1,121T3053G0001,8650.0,0.0,4975.48,0.0
121T6743G0001,1,121T6743G0001,5970.0,0.0,3433.9440000000004,0.0
362A2625G001,1,362A2625G001,3801.0,0.0,2186.3352,0.0
118T4972G0001,1,118T4972G0001,7115.0,0.0,4092.548,0.0
114T2947G0001,1,114T2947G0001,4171.23,0.0,2399.291486,0.0
113T3072G0001,1,113T3072G0001,8034.0,0.0,4621.1568,0.0
141E3832G002,1,141E3832G002,2769.69,0.0,1858.6466670000002,0.0
146E6501G001,1,146E6501G001,85.0,0.0,85.561,0.0
101T2720G001,1,101T2720G001,12.63,0.0,12.7134,0.0
137E2242G002,1,137E2242G002,11781.0,0.0,7905.8364,0.0
103T4560G0001,1,103T4560G0001,10024.0,0.0,10090.1584,0.0
101T1952G001,1,101T1952G001,478.31,0.0,481.4669,0.0
101T2554G001,1,101T2554G001,52.81,0.0,53.1586,0.0
136E6682G001,1,136E6682G001,542.5756,0.0,546.1566,440.2803375
214D1618G001,1,214D1618G001,1529.9,0.0,1539.9973,0.0
398A5388G001,1,398A5388G001,64.82,0.0,65.2478,0.0
146E8117G002,1,146E8117G002,1516.9,0.0,1526.9115,0.0
141E1250G001,1,141E1250G001,2706.2506,0.0,2724.1118,0.0
101T4533G001,1,101T4533G001,3576.5,0.0,3600.1049,0.0
108L8838G001,1,108L8838G001,4253.6667,0.0,4281.7409,0.0
196D7620G003,1,196D7620G003,5934.0,0.0,5973.1644,0.0
221A3676G005,1,221A3676G005,3951.0,0.0,2272.6152,0.0
372A5868G021,1,372A5868G021,6407.0,0.0,6449.2862,26757.767669999997
112L1807G0042,1,112L1807G0042,1645.5,0.0,946.4916,3312.72
113T7353G0001,1,113T7353G0001,116.33,0.0,66.91302857,0.0
188D9489G017,1,188D9489G017,3120.5145,0.0,1794.9199429999999,12133.82719
114T6223P0001,1,114T6223P0001,11841.0,0.0,6810.9432,0.0
231D2651G003,1,231D2651G003,10833.8684,0.0,8724.2976,13025.84927
133E8836G007,1,133E8836G007,3182.28,0.0,3203.2831,0.0
213B1147G001,1,213B1147G001,1400.0,0.0,1407.0,0.0
119T5347G0001,1,119T5347G0001,6167.0,0.0,3547.2584,0.0
101L2020G004,1,101L2020G004,3234.0,0.0,1860.1968,0.0
114T5502P0001,1,114T5502P0001,38600.0,0.0,22202.72,38854.76
120T6695G0001,1,120T6695G0001,203719.97,0.0,117179.7267,0.0
121T3418G0001,1,121T3418G0001,86884.0,0.0,49975.6768,0.0
379A8137P001,1,379A8137P001,0.0,0.0,0.0,0.0
108T4412G0001,1,108T4412G0001,181294.0237,0.0,104280.3224,0.0
110T9461G0001,1,110T9461G0001,209321.82,0.0,120401.9109,0.0
113T2424G011,1,113T2424G011,221800.0,0.0,127579.36,0.0
108T4211G0001,1,108T4211G0001,210000.0,0.0,120792.0,0.0
113T4984G0001,1,113T4984G0001,249571.11,0.0,143553.3025,0.0
119T4557G0001,1,119T4557G0001,82744.24,0.0,47594.486860000005,0.0
109T2825G0001,1,109T2825G0001,202000.0,0.0,116190.4,0.0
119T2443G0001,1,119T2443G0001,180750.0,0.0,103967.4,0.0
117T1941P001,1,117T1941P001,9000.0,0.0,5176.8,0.0
115T0274P0001,1,115T0274P0001,68625.0,0.0,39473.1,0.0
110T7949P0001,1,110T7949P0001,79350.4356,0.0,45642.37057,0.0
122T2292G0002,1,122T2292G0002,141193.0,0.0,81214.2136,0.0
120T7606P0001,1,120T7606P0001,60900.0,0.0,35029.68,0.0
114T8603P0001,1,114T8603P0001,146800.0,0.0,84439.36,0.0
116T7190P0001,1,116T7190P0001,57000.0,0.0,32786.4,0.0
114T7961G0001,1,114T7961G0001,166800.0,0.0,95943.36,0.0
122T6233P0001,1,122T6233P0001,33202.4,0.0,19098.02046,0.0
113T8140G0001,1,113T8140G0001,14528.0,0.0,8356.5056,0.0
122T6225P0001,1,122T6225P0001,132809.6,0.0,76392.08194,0.0
110T3435P0001,1,110T3435P0001,738722.8896,0.0,424913.4061,0.0
108T5289G0001,1,108T5289G0001,332329.7923,0.0,191156.0965,0.0
118T1919P0001,1,118T1919P0001,256377.0,0.0,147468.0504,0.0
117T6924P0001,1,117T6924P0001,170027.3,0.0,97799.70297,0.0
113T4595G0001,1,113T4595G0001,460000.0,0.0,264592.0,0.0
107T4932G001,1,107T4932G001,1542659.976,0.0,887338.0183,0.0
112T8062P0001,1,112T8062P0001,207000.0,0.0,119066.4,0.0
122T4993P0001,1,122T4993P0001,147038.18,0.0,84576.36114,0.0
146E4756G016,1,146E4756G016,100725.0,0.0,57937.02,0.0
114T8745P0001,1,114T8745P0001,177200.0,0.0,101925.44,0.0
117T0437G0001,1,117T0437G0001,600216.1776,0.0,345244.3454,0.0
365A4115P001,1,365A4115P001,1075.0,0.0,618.34,5401.875
116T7616P0001,1,116T7616P0001,3734.34,0.0,2147.992343,0.0
111T0244P0001,1,111T0244P0001,29706.5701,0.0,17087.21914,0.0
362A5194P0001,1,362A5194P0001,23800.0,0.0,13689.76,0.0
117T6698P0001,1,117T6698P0001,14022.37,0.0,8065.6672,0.0
107T2196G0001,1,107T2196G0001,603500.0,0.0,347133.2,0.0
368A2195P006,1,368A2195P006,47576.97,0.0,27366.273139999998,0.0
113T8336G0001,1,113T8336G0001,39874.45,0.0,22935.78366,0.0
117T3681G0001,1,117T3681G0001,204500.0,0.0,117628.4,0.0
116T4210G0001,1,116T4210G0001,194674.0,0.0,111976.4848,0.0
109T1912G0001,1,109T1912G0001,232700.0,0.0,133849.04,0.0
114L2787G0002,1,114L2787G0002,689315.0,0.0,396493.98799999995,0.0
117T4762P0001,1,117T4762P0001,107177.33,0.0,61648.40022999999,0.0
113T5628G0001,1,113T5628G0001,177350.0,0.0,102011.72,0.0
372A4422P015,1,372A4422P015,31828.1801,0.0,18307.5692,0.0
389A6631P003,1,389A6631P003,24848.0,0.0,25011.9968,1.0
362A2202P001,1,362A2202P001,21496.52133,0.0,21630.537269999997,0.0
362A4515P001,1,362A4515P001,138400.0,0.0,139313.44,0.0
372A4788P106,1,372A4788P106,29904.81,0.0,30102.1818,1.0
172A7319P001,1,172A7319P001,15223.1917,0.0,8756.379829000001,11026.86
395A3715P001,1,395A3715P001,3334.37,0.0,2237.5845329999997,4133.98591
91417067P121,1,91417067P121,20840.84,0.0,20978.3895,16368.435
146E3120G001,1,146E3120G001,22630.0,0.0,22779.357999999997,0.0
213B1147G001,1,213B1147G001,4121.25,0.0,4148.4503,0.0
108L1868G001,1,108L1868G001,29939.0,0.0,30136.5974,0.0
144E7421G027,1,144E7421G027,5400.9,0.0,3624.3639329999996,0.0
146E3124G040,1,146E3124G040,7575.0,0.0,7624.995,190181.4583
117T8273P001,1,117T8273P001,107575.0,0.0,61877.14,0.0
111T3677P0001,1,111T3677P0001,79537.0,0.0,64049.555360000006,0.0
141E8399G001,1,141E8399G001,22110.0,0.0,22255.926,22370.5107
124T1625G0001,1,124T1625G0001,1844.0,0.0,1060.6688,0.0
110T5209G0001,1,110T5209G0001,965.0,0.0,555.068,0.0
110T6423G0001,1,110T6423G0001,115.0,0.0,66.148,0.0
117T7022G0001,1,117T7022G0001,4199.0,0.0,2415.2648,0.0
114T1886G0001,1,114T1886G0001,3750.0,0.0,2157.0,48993.75
118T7521G0001,1,118T7521G0001,3320.0,0.0,1909.664,0.0
116T9018G0001,1,116T9018G0001,15520.0,0.0,8927.104,207968.0
110T8009G0001,1,110T8009G0001,8513.6019,0.0,4897.023829,0.0
110T5742G0001,1,110T5742G0001,821.29,0.0,472.406,0.0
109T3680P001,1,109T3680P001,59500.0,0.0,34224.4,0.0
112T2858P0001,1,112T2858P0001,77500.0,0.0,44578.0,0.0
122T7578G0001,1,122T7578G0001,4531.0,0.0,2606.2312,0.0
107T9358G0001,1,107T9358G0001,539.77,0.0,310.4757143,0.0
114T5571G0001,1,114T5571G0001,3822.22,0.0,2198.540971,0.0
103T9204G0001,1,103T9204G0001,41.0,0.0,41.2706,50.26
103T3696G0001,1,103T3696G0001,156.2,0.0,157.2309,0.0
398A1623P058,1,398A1623P058,1.5,0.0,1.5099,0.0
362A4537P200,1,362A4537P200,64179.0,0.0,64602.5814,64499.9
108L8237G006,1,108L8237G006,103776.0437,0.0,83568.77248,0.0
143E7303G005,1,143E7303G005,814298.2935,0.0,655738.1298,0.0
100T5421G004,1,100T5421G004,783966.3942,0.0,526093.7149,0.0
204D4565G025,1,204D4565G025,466852.0993,0.0,375946.6585,619175.9511
118T0170G0001,1,118T0170G0001,855053.0489,0.0,430348.1995,0.0
141E4665G008,1,141E4665G008,1566574.325,0.0,1051275.81,0.0
100T9020G007,1,100T9020G007,967547.4566,0.0,486966.6349,0.0
100T6852G011,1,100T6852G011,1451126.795,0.0,973802.821,0.0
711L2014G100,1,711L2014G100,244527.7857,0.0,123070.8346,0.0
102T3122G001,1,102T3122G001,2336964.636,0.0,2352388.603,0.0
102T3122G002,1,102T3122G002,2344994.1890000002,0.0,1573647.4340000001,0.0
102T3122G001,1,102T3122G001,0.0,0.0,0.0,0.0
103T2477G0002,1,103T2477G0002,726760.5627,0.0,585245.7459,825992.0
SMO1435156,1,SMO1435156,1068560.356,0.0,860490.2837,0.0
91116715G026WOB,1,91116715G026WOB,683435.3589,0.0,687946.0323,686852.54
103T2477G0008,1,103T2477G0008,755461.9322,0.0,506965.3207,0.0
101T7359G026,1,101T7359G026,2243309.735,0.0,1505410.386,0.0
101T7359G025,1,101T7359G025,2268104.789,0.0,1141537.14,0.0
146E2096G027,1,146E2096G027,2959835.08,0.0,1986246.6609999998,0.0
101T7359G013,1,101T7359G013,2248284.845,0.0,1131561.762,0.0
101T7359G001,1,101T7359G001,3623584.832,0.0,2918000.394,0.0
145E2555G040,1,145E2555G040,3445694.19,0.0,2312290.514,0.0
100T8376G011,1,100T8376G011,546191.5775,0.0,439837.1535,7464394.916
314B7165G036,1,314B7165G036,256795.68,0.0,129245.2658,0.0
101T6894G010,1,101T6894G010,1760058.542,0.0,885837.464,2434438.423
102T8803G002,1,102T8803G002,194267.2771,0.0,195549.4411,669257.2171
116E5252G008,1,116E5252G008,465543.1247,0.0,234307.8547,888578.3253
SMO1734506,1,SMO1734506,83383.19553,0.0,71908.49528999999,0.0
102T8803G002,1,102T8803G002,0.0,0.0,0.0,669257.2171
102T9907G0002,1,102T9907G0002,240687.92,0.0,193821.1682,0.0
109T8513G0008,1,109T8513G0008,787038.4101,0.0,396116.4318,778274.0721
392A5327G001,1,392A5327G001,161699.2468,0.0,162766.4618,0.0
143E5244G004,1,143E5244G004,22067.5513,0.0,17770.55776,0.0
138E6003G001,1,138E6003G001,73139.6871,0.0,36811.20455,73505.39
137E2531G003,1,137E2531G003,96608.0271,0.0,97245.64,91729.022
144E8623G006,1,144E8623G006,148990.9328,0.0,99982.8486,0.0
139E6913G001,1,139E6913G001,130287.0356,0.0,131146.93,123677.4836
109T8504G0001,1,109T8504G0001,326049.0602,0.0,218800.65600000002,333254.3083
111T3883G0001,1,111T3883G0001,582168.6652,0.0,390673.9856,620718.38
115T2730G0001,1,115T2730G0001,691020.05,0.0,347790.3912,0.0
115T2690G0002,1,115T2690G0002,511886.2686,0.0,257632.359,0.0
372A4432G004,1,372A4432G004,319195.3376,0.0,321302.0268,0.0
144E8823G005,1,144E8823G005,923008.2243,0.0,464550.0393,951914.4668
143E4615G007,1,143E4615G007,417164.8741,0.0,209959.0811,720832.12
101T9158G002,1,101T9158G002,201010.2786,0.0,202336.9465,621065.0923
119E2094G035,1,119E2094G035,76255.2208,0.0,38379.2526,76758.51
109T6154G0002,1,109T6154G0002,544961.1084,0.0,365705.2345,0.0
143E4615G011,1,143E4615G011,449175.1667,0.0,226069.8614,648129.27
118T2129G0002,1,118T2129G0002,586574.46,0.0,295222.9257,0.0
107T6388G0001,1,107T6388G0001,590559.1393,0.0,297228.4148,632277.1
109T8510G0004,1,109T8510G0004,610106.3391,0.0,409422.0273,605192.6112
101T7356G001,1,101T7356G001,1055802.7920000001,0.0,850216.872,0.0
100T8757G001,1,100T8757G001,21861.8466,0.0,17604.90784,28268.993
101T2625G001,1,101T2625G001,207387.7172,0.0,208756.4762,216529.0767
100T8378G008,1,100T8378G008,301573.9943,0.0,242851.5061,279693.898
115T2726G0001,1,115T2726G0001,314637.4205,0.0,158357.0138,317583.8725
100T6851G009,1,100T6851G009,200182.0332,0.0,134335.4897,205125.3725
115T2706G0001,1,115T2706G0001,375068.5997,0.0,251696.035,401914.625
109T6339G0002,1,109T6339G0002,287246.8003,0.0,192761.7528,288683.03
147E3315G002,1,147E3315G002,163592.2396,0.0,164671.9484,197680.6682
118T2185G0002,1,118T2185G0002,287246.8003,0.0,144571.3146,0.0
146E1405G002,1,146E1405G002,22175.6654,0.0,11161.0124,31711.99789
101T2521G001,1,101T2521G001,5528.380999999999,0.0,4451.8946399999995,0.0
138E6290G002,1,138E6290G002,10465.93,0.0,8428.004079999999,10524.92
138E5387G004,1,138E5387G004,45797.0965,0.0,46099.3573,40253.6175
101T7265G002,1,101T7265G002,5491.3648,0.0,2763.80395,0.0
320B7487G004,1,320B7487G004,18990.5,0.0,19115.8373,1.0
101T9058G004,1,101T9058G004,11592.1,0.0,6667.775943,0.0
101T9058G003,1,101T9058G003,4636.84,0.0,2333.72155,46600.2
214D1400G003,1,214D1400G003,2753.77,0.0,2771.9449,0.0
149D2999G007,1,149D2999G007,2487.14,0.0,2145.2516,0.0
113T0596G0005,1,113T0596G0005,4467.7,0.0,2998.1245329999997,70279.72
113T0596G0003,1,113T0596G0003,4300.0,0.0,2885.586667,22687.875
107T5269G002,1,107T5269G002,4084.7,0.0,3289.3272,52498.74
238B7759G005,1,238B7759G005,919.0,0.0,616.7102667,0.0
SMO8400963,1,SMO8400963,7187.4268,0.0,3617.43195,0.0
119T4240G0002,1,119T4240G0002,17850.8473,0.0,8984.33145,0.0
144E7357G024,1,144E7357G024,11867.6811,0.0,6826.290171,0.0
137E2159G011,1,137E2159G011,113463.5958,0.0,114212.4555,0.0
137E2159G009,1,137E2159G009,147915.492,0.0,119113.3874,0.0
106T3531G0001,1,106T3531G0001,254779.3228,0.0,128230.4332,305848.6917
106T4174G0001,1,106T4174G0001,46320.7149,0.0,31084.2878,45314.22739
372A4840P215,1,372A4840P215,17821.0,0.0,11959.07907,0.0
377A7054P103,1,377A7054P103,4122.91,0.0,4143.5246,8851.534225
389A6686P213,1,389A6686P213,20626.0,0.0,11864.0752,21793.00375
117T9194P0001,1,117T9194P0001,29663.75,0.0,17062.589030000003,0.0
113T7559P024,1,113T7559P024,21638.0,0.0,12446.1776,0.0
117T0847G0001,1,117T0847G0001,40538.0,0.0,23317.4576,0.0
116T7883G0001,1,116T7883G0001,51647.0,0.0,29707.3544,0.0
113T9607G0001,1,113T9607G0001,66605.0,0.0,38311.196,0.0
111T4076P0001,1,111T4076P0001,1385.41,0.0,796.8878286,0.0
110T2857P0001,1,110T2857P0001,9791.0,0.0,5631.7832,0.0
119T4932P0002,1,119T4932P0002,59520.0,0.0,34235.904,0.0
113T9062P006,1,113T9062P006,40201.0,0.0,23123.6152,40402.01
113T1918P0001,1,113T1918P0001,9544.0,0.0,5489.7088,0.0
111L4183G001,1,111L4183G001,25220.0,0.0,14506.544,0.0
111L4970G001,1,111L4970G001,25284.3333,0.0,14543.548509999999,0.0
111L5036G001,1,111L5036G001,26675.0,0.0,15343.46,0.0
113T2414P0001,1,113T2414P0001,1300.0,0.0,747.76,0.0
112L1266G0196,1,112L1266G0196,15908.0,0.0,9150.2816,0.0
112T7022P0006,1,112T7022P0006,7110.0,0.0,4089.672,0.0
113T6461G0001,1,113T6461G0001,33210.0,0.0,19102.392,0.0
109T2716P005,1,109T2716P005,7575.0,0.0,4357.14,9069.12
109T5370P001,1,109T5370P001,18926.0,0.0,10886.2352,0.0
107T8243P001,1,107T8243P001,1403.0,0.0,807.0056,0.0
398A1183P214,1,398A1183P214,14290.0,0.0,14384.313999999998,14492.1
372A4840P024,1,372A4840P024,19653.6364,0.0,19783.3504,19588.96657
372A4839P216,1,372A4839P216,37832.0,0.0,38081.6912,43340.22935
389A4104P002,1,389A4104P002,6816.606,0.0,6861.5956,7136.1321
377A7054P103,1,377A7054P103,4982.79,0.0,5015.6764,8851.534225
108L4955G001,1,108L4955G001,2660.0,0.0,2677.5559999999996,0.0
392A5501P001,1,392A5501P001,13813.0,0.0,13904.1658,13882.07
172A5470P001,1,172A5470P001,7659.2,0.0,7709.7507,1172.553533
104T8936P0107,1,104T8936P0107,4714.22,0.0,3796.2671200000004,7552.66
377A4065P109,1,377A4065P109,27529.0,0.0,27710.6914,24644.99731
362A4091P006,1,362A4091P006,7110.0,0.0,7156.9259999999995,7809.1766
101T1005P002,1,101T1005P002,14905.46,0.0,15003.836000000001,14979.9891
100T7641P002,1,100T7641P002,6940.0,0.0,6985.804,9105.44547
389A7841P006,1,389A7841P006,6175.0,0.0,6215.755,0.0
362A4091P711,1,362A4091P711,15812.0,0.0,15916.3592,20421.6
151D8452G010,1,151D8452G010,0.0,0.0,0.0,0.0
117E3000G001,1,117E3000G001,14651.726669999998,0.0,14724.9853,0.0
142D4909G001,1,142D4909G001,0.0,0.0,0.0,0.0
356B2202G017,1,356B2202G017,0.0,0.0,0.0,0.0
129E8036G014,1,129E8036G014,0.0,0.0,0.0,0.0
108T2747G0001,1,108T2747G0001,0.0,0.0,0.0,0.0
188D8714G001,1,188D8714G001,1275.6,0.0,1281.978,0.0
224B9190G002,1,224B9190G002,1.003333333,0.0,1.008366667,0.0
112T5600G0003,1,112T5600G0003,0.0,0.0,0.0,0.0
108T2583G0001,1,108T2583G0001,0.0,0.0,0.0,0.0
106L1045G003,1,106L1045G003,0.0,0.0,0.0,0.0
139E6258G001,1,139E6258G001,0.0,0.0,0.0,0.0
119E2505G015,1,119E2505G015,243120.9233,0.0,209431.3097,0.0
143D7324G004,1,143D7324G004,0.0,0.0,0.0,0.0
131E5123G001,1,131E5123G001,0.0,0.0,0.0,0.0
107T0953G0004,1,107T0953G0004,0.0,0.0,0.0,0.0
116E4203G001,1,116E4203G001,0.0,0.0,0.0,0.0
100T3607G0005,1,100T3607G0005,0.0,0.0,0.0,0.0
119E3058G003,1,119E3058G003,0.0,0.0,0.0,0.0
112T7518G0001,1,112T7518G0001,0.0,0.0,0.0,0.0
112T9875G0015,1,112T9875G0015,36314.4,0.0,18277.0375,0.0
118T0860P001,1,118T0860P001,9.579,0.0,5.509828571,0.0
114T6934P001,1,114T6934P001,2525.4,0.0,1452.610057,0.0
118T9582P001,1,118T9582P001,1223.3,0.0,703.6421713999999,0.0
117T5878P0001,1,117T5878P0001,1076.0371,0.0,618.9365713999999,3501.12
117T5159G0002,1,117T5159G0002,6435.0,0.0,3701.4120000000003,0.0
389A4104P001,1,389A4104P001,5398.47,0.0,5434.0999,5711.01
119E3467G002,1,119E3467G002,15970.0,0.0,16049.85,0.0
119E3467G002,1,119E3467G002,3498.0,0.0,3521.0868,0.0
398A5548G0001,1,398A5548G0001,3340.0,0.0,1921.168,0.0
144E8723G016,1,144E8723G016,6954.871,0.0,5600.61856,0.0
146E2580G014,1,146E2580G014,11742.57,0.0,11820.071000000002,20073.2
146E2580G014,1,146E2580G014,0.0,0.0,0.0,20073.2
146E2580G001,1,146E2580G001,11867.86,0.0,11946.1879,0.0
146E2580G001,1,146E2580G001,0.0,0.0,0.0,0.0
106L1971G033,1,106L1971G033,404.77,0.0,407.4415,0.0
ENC1537,1,ENC1537,1081.206667,0.0,1087.812,1267.769904
218D8656P001,1,218D8656P001,5200.0,0.0,5234.32,5332.318281
113T0596G0006,1,113T0596G0006,4300.0,0.0,2473.36,0.0
139E4882G010,1,139E4882G010,235192.435,0.0,236744.7051,268406.785
115T6696G0016,1,115T6696G0016,1641208.7219999998,0.0,826020.3496,0.0
177D9583G006,1,177D9583G006,0.0,0.0,0.0,0.0
177D9583G006,1,177D9583G006,20852.61,0.0,20990.2372,0.0
314B7170G025,1,314B7170G025,217517.621,0.0,218953.2373,291911.5319
314B7170G025,1,314B7170G025,0.0,0.0,0.0,291911.5319
106T3531G0003,1,106T3531G0003,68362.6548,0.0,45875.89887,84313.40455
120T9728G0001,1,120T9728G0001,0.0,0.0,0.0,0.0
106T0861G0001,1,106T0861G0001,0.0,0.0,0.0,0.0
106T0922G0002,1,106T0922G0002,0.0,0.0,0.0,0.0
102T2488G001,1,102T2488G001,1024.6,0.0,1031.3624,0.0
119E1899G001,1,119E1899G001,51585.9359,0.0,51898.1797,66092.34667
207C3451G001,1,207C3451G001,190.2856,0.0,191.50953330000002,0.0
119E7124G001,1,119E7124G001,8617.624067,0.0,8672.199333,0.0
103E3319G001,1,103E3319G001,10943.26773,0.0,11011.54987,0.0
241C2820G002,1,241C2820G002,21618.0,0.0,17408.54304,0.0
158T7001P001,1,158T7001P001,4345.0,0.0,2499.244,0.0
109E9652G008,1,109E9652G008,16096.586930000001,0.0,16197.743330000001,0.0
111T3058G0001,1,111T3058G0001,62520.9461,0.0,35962.04817,0.0
328A9847G002,1,328A9847G002,34349.6718,0.0,34557.04627,0.0
91026620G019WOB,1,91026620G019WOB,252780.6108,0.0,254448.9628,0.0
101T1200G001,1,101T1200G001,0.0,0.0,0.0,0.0
113T6854G0001,1,113T6854G0001,33714.0,0.0,19392.2928,0.0
101T1200G001,1,101T1200G001,6050.0,0.0,6089.93,0.0
143E4239G003,1,143E4239G003,0.0,0.0,0.0,1813.4443600000002
143E4239G003,1,143E4239G003,1815.07,0.0,1827.0495,1813.4443600000002
143E4675G001,1,143E4675G001,0.0,0.0,0.0,0.0
146E4344G001,1,146E4344G001,0.0,0.0,0.0,0.0
323E1424G002,1,323E1424G002,0.0,0.0,0.0,0.0
101T1748G001,1,101T1748G001,0.0,0.0,0.0,0.0
103E8131G006,1,103E8131G006,8781.385667,0.0,8825.2926,0.0
100T0911G001,1,100T0911G001,0.0,0.0,0.0,0.0
224B9190G001,1,224B9190G001,0.0,0.0,0.0,0.0
143E3933G001,1,143E3933G001,0.0,0.0,0.0,1422.975846
108T8421P001,1,108T8421P001,0.0,0.0,0.0,0.0
801L0191G050,1,801L0191G050,0.0,0.0,0.0,0.0
111T1363G0001,1,111T1363G0001,0.0,0.0,0.0,0.0
102T5390G001,1,102T5390G001,0.0,0.0,0.0,0.0
104T8619G001,1,104T8619G001,0.0,0.0,0.0,0.0
109L5279G001,1,109L5279G001,64970.0,0.0,43599.20133,0.0
108T4232G0001,1,108T4232G0001,0.0,0.0,0.0,0.0
109T1509G0001,1,109T1509G0001,0.0,0.0,0.0,0.0
107T6985P0003,1,107T6985P0003,0.0,0.0,0.0,0.0
116E2935G003,1,116E2935G003,131743.1714,0.0,132560.402,1.0
103T9071G0001,1,103T9071G0001,112058.1,0.0,90238.1468,1.0
146E3493G001,1,146E3493G001,23276.0,0.0,15619.747730000001,0.0
106L2290G018,1,106L2290G018,23780.6758,0.0,23937.6283,1.0
110E1187G111,1,110E1187G111,0.0,0.0,0.0,0.0
104T1688G0007,1,104T1688G0007,0.0,0.0,0.0,0.0
104T1688G0018,1,104T1688G0018,0.0,0.0,0.0,0.0
141E2351G001,1,141E2351G001,0.0,0.0,0.0,0.0
109T0429G0001,1,109T0429G0001,0.0,0.0,0.0,0.0
101T3575G001,1,101T3575G001,0.0,0.0,0.0,0.0
131E4611G001,1,131E4611G001,2260.533333,0.0,2271.8360000000002,0.0
101T4033G001,1,101T4033G001,0.0,0.0,0.0,0.0
146E3903G001,1,146E3903G001,0.0,0.0,0.0,0.0
358A7314P001,1,358A7314P001,89531.66667,0.0,90100.64767,24313.2
109T9196G0001,1,109T9196G0001,0.0,0.0,0.0,0.0
119E9302G003,1,119E9302G003,0.0,0.0,0.0,0.0
143E4564G002,1,143E4564G002,0.0,0.0,0.0,0.0
104T0887P001,1,104T0887P001,0.0,0.0,0.0,0.0
105T6846G0002,1,105T6846G0002,0.0,0.0,0.0,0.0
138E6289G002,1,138E6289G002,0.0,0.0,0.0,0.0
324A3989G002,1,324A3989G002,9287.6953,0.0,8000.686086,0.0
393A8710P001,1,393A8710P001,0.0,0.0,0.0,0.0
110T1272G0001,1,110T1272G0001,0.0,0.0,0.0,0.0
119T0270G0003,1,119T0270G0003,0.0,0.0,0.0,0.0
119T0270G0001,1,119T0270G0001,0.0,0.0,0.0,0.0
146E3549G001,1,146E3549G001,0.0,0.0,0.0,0.0
109T0432P001,1,109T0432P001,0.0,0.0,0.0,0.0
107T9615P001,1,107T9615P001,0.0,0.0,0.0,0.0
107T0093P0001,1,107T0093P0001,4950.0,0.0,2847.24,0.0
108T8051G0001,1,108T8051G0001,0.0,0.0,0.0,0.0
108T8045P001,1,108T8045P001,0.0,0.0,0.0,0.0
321C1028G002,1,321C1028G002,0.0,0.0,0.0,0.0
108T2975G001,1,108T2975G001,0.0,0.0,0.0,0.0
111T7315G0001,1,111T7315G0001,0.0,0.0,0.0,0.0
122T1371G0001,1,122T1371G0001,25307.0,0.0,14556.5864,0.0
108T3283G0001,1,108T3283G0001,0.0,0.0,0.0,0.0
100T4149G003,1,100T4149G003,0.0,0.0,0.0,0.0
108T6510G0001,1,108T6510G0001,0.0,0.0,0.0,0.0
120T7047G0001,1,120T7047G0001,0.0,0.0,0.0,0.0
143E4458G005,1,143E4458G005,0.0,0.0,0.0,0.0
100T3075G008,1,100T3075G008,0.0,0.0,0.0,0.0
398A5389G001,1,398A5389G001,0.0,0.0,0.0,0.0
106T9817P001,1,106T9817P001,0.0,0.0,0.0,0.0
111T3063G0001,1,111T3063G0001,0.0,0.0,0.0,0.0
100T6370G005,1,100T6370G005,24944.0,0.0,14347.7888,0.0
112L2154G0020,1,112L2154G0020,0.0,0.0,0.0,0.0
106T7414G0001,1,106T7414G0001,0.0,0.0,0.0,0.0
108L9107G001,1,108L9107G001,40.8,0.0,41.0693,0.0
389A5720P001,1,389A5720P001,0.0,0.0,0.0,0.0
231D2791G001,1,231D2791G001,0.0,0.0,0.0,1.0
389A6488G002,1,389A6488G002,0.0,0.0,0.0,0.0
109T8210G0001,1,109T8210G0001,0.0,0.0,0.0,0.0
105T5427G0004,1,105T5427G0004,288481.6978,0.0,145192.8385,0.0
106T2731G0001,1,106T2731G0001,0.0,0.0,0.0,0.0
100T8193G003,1,100T8193G003,0.0,0.0,0.0,0.0
116E3427G028,1,116E3427G028,0.0,0.0,0.0,0.0
100T3607G004,1,100T3607G004,0.0,0.0,0.0,1.0
204D1799G007,1,204D1799G007,0.0,0.0,0.0,0.0
109T4375G0001,1,109T4375G0001,0.0,0.0,0.0,0.0
398A5548P001,1,398A5548P001,0.0,0.0,0.0,0.0
138E5114G001,1,138E5114G001,0.0,0.0,0.0,0.0
196D7620G001,1,196D7620G001,0.0,0.0,0.0,0.0
146E1201G001,1,146E1201G001,0.0,0.0,0.0,0.0
204D1807G007,1,204D1807G007,0.0,0.0,0.0,0.0
121E1025G001,1,121E1025G001,5990.333333,0.0,6020.285,0.0
119E6510G001,1,119E6510G001,7901.666667,0.0,7941.175,0.0
119E1196G001,1,119E1196G001,3.663333333,0.0,3.681666667,0.0
143E7707G001,1,143E7707G001,0.0,0.0,0.0,0.0
109L5431G001,1,109L5431G001,0.0,0.0,0.0,0.0
323E1427G006,1,323E1427G006,0.0,0.0,0.0,0.0
332B6275G001,1,332B6275G001,24733.33333,0.0,24857.0,124285.0
112E1499G003,1,112E1499G003,3583.333333,0.0,3601.25,0.0
119T3915G0001,1,119T3915G0001,0.0,0.0,0.0,0.0
117T6061G0001,1,117T6061G0001,0.0,0.0,0.0,0.0
114L2769G0128,1,114L2769G0128,0.0,0.0,0.0,0.0
114T8015G0001,1,114T8015G0001,0.0,0.0,0.0,0.0
115T2438G0001,1,115T2438G0001,0.0,0.0,0.0,0.0
120T6987G0001,1,120T6987G0001,0.0,0.0,0.0,0.0
121T9619G0004,1,121T9619G0004,0.0,0.0,0.0,0.0
115T1045G0001,1,115T1045G0001,0.0,0.0,0.0,0.0
116T2408G0001,1,116T2408G0001,0.0,0.0,0.0,0.0
112T7507G0001,1,112T7507G0001,0.0,0.0,0.0,0.0
116T2410G0001,1,116T2410G0001,0.0,0.0,0.0,0.0
147E3300G001,1,147E3300G001,0.0,0.0,0.0,0.0
116E4411G011,1,116E4411G011,0.0,0.0,0.0,0.0
169B1019G004,1,169B1019G004,88200.0,0.0,75978.0,0.0
119E9545G017,1,119E9545G017,1205508.938,0.0,970772.2374,1.1
116E2600G022,1,116E2600G022,1000.0,0.0,1005.0,0.0
143E3937G001,1,143E3937G001,0.0,0.0,0.0,1.0
125T3381G0001,1,125T3381G0001,0.0,0.0,0.0,0.0
100T8193G006,1,100T8193G006,3362334.82,0.0,1692263.115,0.0
100T3605G0004,1,100T3605G0004,0.0,0.0,0.0,1.0
100T3606G0006,1,100T3606G0006,0.0,0.0,0.0,1.0
107T0953G0002,1,107T0953G0002,0.0,0.0,0.0,1.0
117E5633G014,1,117E5633G014,30028.18667,0.0,25867.13794,0.0
106L2290G011,1,106L2290G011,0.0,0.0,0.0,0.0
143E3137G026,1,143E3137G026,36737.8645,0.0,24653.556269999997,0.0
143E6721G007,1,143E6721G007,0.0,0.0,0.0,0.0
361A2225G025,1,361A2225G025,0.0,0.0,0.0,0.0
112T8358G0001,1,112T8358G0001,0.0,0.0,0.0,0.0
107T7934G0001,1,107T7934G0001,3147.49,0.0,1810.436229,0.0
110T3421P0002,1,110T3421P0002,0.0,0.0,0.0,0.0
119E9302G004,1,119E9302G004,0.0,0.0,0.0,0.0
100T2380G003,1,100T2380G003,80574.7446,0.0,46346.593089999995,0.0
166D1533G010,1,166D1533G010,3993.717233,0.0,4013.685833,0.0
118T4113G0001,1,118T4113G0001,0.0,0.0,0.0,0.0
108T1854G0001,1,108T1854G0001,0.0,0.0,0.0,0.0
108T6828P0001,1,108T6828P0001,0.0,0.0,0.0,0.0
121T9411G0101,1,121T9411G0101,0.0,0.0,0.0,0.0
118T5943G0101,1,118T5943G0101,0.0,0.0,0.0,0.0
141E4665G005,1,141E4665G005,1677591.459,0.0,1350930.85,0.0
100T8379G012,1,100T8379G012,0.0,0.0,0.0,0.0
188C9517G015,1,188C9517G015,0.0,0.0,0.0,0.0
108T4983G0001,1,108T4983G0001,0.0,0.0,0.0,0.0
115T9778G0001,1,115T9778G0001,0.0,0.0,0.0,0.0
104T4955G003,1,104T4955G003,0.0,0.0,0.0,0.0
143E3076G001,1,143E3076G001,0.0,0.0,0.0,0.0
104T4955G001,1,104T4955G001,0.0,0.0,0.0,0.0
